{
	"pos": 1.0,
	"speed": 2.31631,

	"boosts": 10.20902,
	"lizards": 3.48739,

	"tweets": 4.09733,
	"oils": 0,
	"emps": 4.16484,

	"damage": -7.57173,
	"score": 0,

	"next_state": 0.51145
}
