{
    "pos": 0.5361898455965917,
    "speed": 0.3916743039000906,
    "boosts": 0.812371228403994,
    "score": 0.5836697259362422,
    "opp_pos": -0.3978526419625571,
    "opp_speed": -0.3303632838301179,
    "opp_score": -0.5045597909134873
}
